u0,u1,u2,u3,u4
bart,vanilla_blenderbot_small,vanilla_dialogpt,qc,dialogpt
vanilla_blenderbot_small,vanilla_dialogpt,dialogpt,qc,bart
qc,vanilla_dialogpt,dialogpt,bart,vanilla_blenderbot_small
dialogpt,vanilla_dialogpt,bart,qc,vanilla_blenderbot_small
vanilla_blenderbot_small,qc,dialogpt,bart,vanilla_dialogpt
bart,qc,vanilla_dialogpt,dialogpt,vanilla_blenderbot_small
qc,dialogpt,bart,vanilla_dialogpt,vanilla_blenderbot_small
bart,vanilla_dialogpt,vanilla_blenderbot_small,qc,dialogpt
qc,bart,dialogpt,vanilla_dialogpt,vanilla_blenderbot_small
vanilla_blenderbot_small,qc,dialogpt,bart,vanilla_dialogpt
